category,question,answer,source,id
Order Tracking,Can I track multiple orders?,"Yes, each order has its own tracking information in your account.",faq,
Order Tracking,Why hasn't my order shipped?,Orders are usually processed within 24 hours. Delays may occur during peak periods.,faq,
Order Tracking,Where is my order?,You can track your order from the 'My Orders' section using your tracking number.,faq,
Order Tracking,Can I track multiple orders?,"Yes, each order has its own tracking information in your account.",faq,
Order Tracking,Why hasn't my order shipped?,Orders are usually processed within 24 hours. Delays may occur during peak periods.,faq,
Order Tracking,Can I track multiple orders? (6),"Yes, each order has its own tracking information in your account.",faq,
Order Tracking,What does 'In Transit' mean? (7),It means your package has left the warehouse and is on its way.,faq,
Order Tracking,How do I track my shipment? (8),Open your order details to view the live shipment status.,faq,
Order Tracking,Where is my order? (9),You can track your order from the 'My Orders' section using your tracking number.,faq,
Order Tracking,Can I track multiple orders? (10),"Yes, each order has its own tracking information in your account.",faq,
Order Tracking,How do I track my shipment? (11),Open your order details to view the live shipment status.,faq,
Order Tracking,What does 'In Transit' mean? (12),It means your package has left the warehouse and is on its way.,faq,
Order Tracking,What does 'In Transit' mean? (13),It means your package has left the warehouse and is on its way.,faq,
Order Tracking,What does 'In Transit' mean? (14),It means your package has left the warehouse and is on its way.,faq,
Order Tracking,What does 'In Transit' mean? (15),It means your package has left the warehouse and is on its way.,faq,
Order Tracking,How do I track my shipment? (16),Open your order details to view the live shipment status.,faq,
Order Tracking,Where is my order? (17),You can track your order from the 'My Orders' section using your tracking number.,faq,
Order Tracking,How do I track my shipment? (18),Open your order details to view the live shipment status.,faq,
Order Tracking,How do I track my shipment? (19),Open your order details to view the live shipment status.,faq,
Order Tracking,Can I track multiple orders? (20),"Yes, each order has its own tracking information in your account.",faq,
Order Tracking,Why hasn't my order shipped? (21),Orders are usually processed within 24 hours. Delays may occur during peak periods.,faq,
Order Tracking,Where is my order? (22),You can track your order from the 'My Orders' section using your tracking number.,faq,
Order Tracking,What does 'In Transit' mean? (23),It means your package has left the warehouse and is on its way.,faq,
Order Tracking,Can I track multiple orders? (24),"Yes, each order has its own tracking information in your account.",faq,
Order Tracking,Can I track multiple orders? (25),"Yes, each order has its own tracking information in your account.",faq,
Order Tracking,How do I track my shipment? (26),Open your order details to view the live shipment status.,faq,
Order Tracking,Where is my order? (27),You can track your order from the 'My Orders' section using your tracking number.,faq,
Order Tracking,Can I track multiple orders? (28),"Yes, each order has its own tracking information in your account.",faq,
Order Tracking,How do I track my shipment? (29),Open your order details to view the live shipment status.,faq,
Order Tracking,Where is my order? (30),You can track your order from the 'My Orders' section using your tracking number.,faq,
Order Tracking,Why hasn't my order shipped? (31),Orders are usually processed within 24 hours. Delays may occur during peak periods.,faq,
Order Tracking,What does 'In Transit' mean? (32),It means your package has left the warehouse and is on its way.,faq,
Order Tracking,Why hasn't my order shipped? (33),Orders are usually processed within 24 hours. Delays may occur during peak periods.,faq,
Order Tracking,How do I track my shipment? (34),Open your order details to view the live shipment status.,faq,
Order Tracking,Can I track multiple orders? (35),"Yes, each order has its own tracking information in your account.",faq,
Order Tracking,How do I track my shipment? (36),Open your order details to view the live shipment status.,faq,
Order Tracking,How do I track my shipment? (37),Open your order details to view the live shipment status.,faq,
Order Tracking,Why hasn't my order shipped? (38),Orders are usually processed within 24 hours. Delays may occur during peak periods.,faq,
Order Tracking,What does 'In Transit' mean? (39),It means your package has left the warehouse and is on its way.,faq,
Order Tracking,Can I track multiple orders? (40),"Yes, each order has its own tracking information in your account.",faq,
Order Tracking,Can I track multiple orders? (41),"Yes, each order has its own tracking information in your account.",faq,
Order Tracking,Why hasn't my order shipped? (42),Orders are usually processed within 24 hours. Delays may occur during peak periods.,faq,
Order Tracking,Can I track multiple orders? (43),"Yes, each order has its own tracking information in your account.",faq,
Order Tracking,Where is my order? (44),You can track your order from the 'My Orders' section using your tracking number.,faq,
Order Tracking,What does 'In Transit' mean? (45),It means your package has left the warehouse and is on its way.,faq,
Order Tracking,How do I track my shipment? (46),Open your order details to view the live shipment status.,faq,
Order Tracking,What does 'In Transit' mean? (47),It means your package has left the warehouse and is on its way.,faq,
Order Tracking,How do I track my shipment? (48),Open your order details to view the live shipment status.,faq,
Order Tracking,Can I track multiple orders? (49),"Yes, each order has its own tracking information in your account.",faq,
Order Tracking,What does 'In Transit' mean? (50),It means your package has left the warehouse and is on its way.,faq,
Returns,Is return shipping free?,Eligible defective or incorrect items qualify for free return pickup.,faq,
Returns,When will my return be inspected?,Returns are inspected after they arrive at our warehouse.,faq,
Returns,How long do I have to return an item?,Most products can be returned within 30 days of delivery.,faq,
Returns,Can I return a used item?,Used items may not be eligible unless they are defective.,faq,
Returns,How long do I have to return an item?,Most products can be returned within 30 days of delivery.,faq,
Returns,How do I return a product? (6),Initiate a return from your order history within the eligible return window.,faq,
Returns,How long do I have to return an item? (7),Most products can be returned within 30 days of delivery.,faq,
Returns,When will my return be inspected? (8),Returns are inspected after they arrive at our warehouse.,faq,
Returns,When will my return be inspected? (9),Returns are inspected after they arrive at our warehouse.,faq,
Returns,Is return shipping free? (10),Eligible defective or incorrect items qualify for free return pickup.,faq,
Returns,When will my return be inspected? (11),Returns are inspected after they arrive at our warehouse.,faq,
Returns,How do I return a product? (12),Initiate a return from your order history within the eligible return window.,faq,
Returns,Can I return a used item? (13),Used items may not be eligible unless they are defective.,faq,
Returns,When will my return be inspected? (14),Returns are inspected after they arrive at our warehouse.,faq,
Returns,Can I return a used item? (15),Used items may not be eligible unless they are defective.,faq,
Returns,How long do I have to return an item? (16),Most products can be returned within 30 days of delivery.,faq,
Returns,How long do I have to return an item? (17),Most products can be returned within 30 days of delivery.,faq,
Returns,Can I return a used item? (18),Used items may not be eligible unless they are defective.,faq,
Returns,When will my return be inspected? (19),Returns are inspected after they arrive at our warehouse.,faq,
Returns,How do I return a product? (20),Initiate a return from your order history within the eligible return window.,faq,
Returns,How long do I have to return an item? (21),Most products can be returned within 30 days of delivery.,faq,
Returns,How do I return a product? (22),Initiate a return from your order history within the eligible return window.,faq,
Returns,Is return shipping free? (23),Eligible defective or incorrect items qualify for free return pickup.,faq,
Returns,How do I return a product? (24),Initiate a return from your order history within the eligible return window.,faq,
Returns,Can I return a used item? (25),Used items may not be eligible unless they are defective.,faq,
Returns,When will my return be inspected? (26),Returns are inspected after they arrive at our warehouse.,faq,
Returns,How long do I have to return an item? (27),Most products can be returned within 30 days of delivery.,faq,
Returns,Can I return a used item? (28),Used items may not be eligible unless they are defective.,faq,
Returns,How do I return a product? (29),Initiate a return from your order history within the eligible return window.,faq,
Returns,Can I return a used item? (30),Used items may not be eligible unless they are defective.,faq,
Returns,How do I return a product? (31),Initiate a return from your order history within the eligible return window.,faq,
Returns,How do I return a product? (32),Initiate a return from your order history within the eligible return window.,faq,
Returns,How do I return a product? (33),Initiate a return from your order history within the eligible return window.,faq,
Returns,How long do I have to return an item? (34),Most products can be returned within 30 days of delivery.,faq,
Returns,Is return shipping free? (35),Eligible defective or incorrect items qualify for free return pickup.,faq,
Returns,Can I return a used item? (36),Used items may not be eligible unless they are defective.,faq,
Returns,When will my return be inspected? (37),Returns are inspected after they arrive at our warehouse.,faq,
Returns,Is return shipping free? (38),Eligible defective or incorrect items qualify for free return pickup.,faq,
Returns,When will my return be inspected? (39),Returns are inspected after they arrive at our warehouse.,faq,
Returns,Can I return a used item? (40),Used items may not be eligible unless they are defective.,faq,
Returns,When will my return be inspected? (41),Returns are inspected after they arrive at our warehouse.,faq,
Returns,Can I return a used item? (42),Used items may not be eligible unless they are defective.,faq,
Returns,Can I return a used item? (43),Used items may not be eligible unless they are defective.,faq,
Returns,Can I return a used item? (44),Used items may not be eligible unless they are defective.,faq,
Returns,Can I return a used item? (45),Used items may not be eligible unless they are defective.,faq,
Returns,When will my return be inspected? (46),Returns are inspected after they arrive at our warehouse.,faq,
Returns,How long do I have to return an item? (47),Most products can be returned within 30 days of delivery.,faq,
Returns,When will my return be inspected? (48),Returns are inspected after they arrive at our warehouse.,faq,
Returns,How do I return a product? (49),Initiate a return from your order history within the eligible return window.,faq,
Returns,Can I return a used item? (50),Used items may not be eligible unless they are defective.,faq,
Refunds,When will I receive my refund?,Refunds are typically processed within 5 to 7 business days after approval.,faq,
Refunds,Where will my refund be sent?,Refunds are issued to the original payment method whenever possible.,faq,
Refunds,Where will my refund be sent?,Refunds are issued to the original payment method whenever possible.,faq,
Refunds,When will I receive my refund?,Refunds are typically processed within 5 to 7 business days after approval.,faq,
Refunds,Why is my refund delayed?,Bank processing times may vary. Contact support if it exceeds the expected timeframe.,faq,
Refunds,When will I receive my refund? (6),Refunds are typically processed within 5 to 7 business days after approval.,faq,
Refunds,How do I check refund status? (7),Visit your order details to view the latest refund status.,faq,
Refunds,Why is my refund delayed? (8),Bank processing times may vary. Contact support if it exceeds the expected timeframe.,faq,
Refunds,When will I receive my refund? (9),Refunds are typically processed within 5 to 7 business days after approval.,faq,
Refunds,Can I get a cash refund? (10),Cash-on-delivery refunds are transferred to your registered bank account.,faq,
Refunds,When will I receive my refund? (11),Refunds are typically processed within 5 to 7 business days after approval.,faq,
Refunds,Can I get a cash refund? (12),Cash-on-delivery refunds are transferred to your registered bank account.,faq,
Refunds,How do I check refund status? (13),Visit your order details to view the latest refund status.,faq,
Refunds,Where will my refund be sent? (14),Refunds are issued to the original payment method whenever possible.,faq,
Refunds,How do I check refund status? (15),Visit your order details to view the latest refund status.,faq,
Refunds,When will I receive my refund? (16),Refunds are typically processed within 5 to 7 business days after approval.,faq,
Refunds,Can I get a cash refund? (17),Cash-on-delivery refunds are transferred to your registered bank account.,faq,
Refunds,When will I receive my refund? (18),Refunds are typically processed within 5 to 7 business days after approval.,faq,
Refunds,When will I receive my refund? (19),Refunds are typically processed within 5 to 7 business days after approval.,faq,
Refunds,Why is my refund delayed? (20),Bank processing times may vary. Contact support if it exceeds the expected timeframe.,faq,
Refunds,Where will my refund be sent? (21),Refunds are issued to the original payment method whenever possible.,faq,
Refunds,Where will my refund be sent? (22),Refunds are issued to the original payment method whenever possible.,faq,
Refunds,Where will my refund be sent? (23),Refunds are issued to the original payment method whenever possible.,faq,
Refunds,Why is my refund delayed? (24),Bank processing times may vary. Contact support if it exceeds the expected timeframe.,faq,
Refunds,How do I check refund status? (25),Visit your order details to view the latest refund status.,faq,
Refunds,How do I check refund status? (26),Visit your order details to view the latest refund status.,faq,
Refunds,Where will my refund be sent? (27),Refunds are issued to the original payment method whenever possible.,faq,
Refunds,Why is my refund delayed? (28),Bank processing times may vary. Contact support if it exceeds the expected timeframe.,faq,
Refunds,Why is my refund delayed? (29),Bank processing times may vary. Contact support if it exceeds the expected timeframe.,faq,
Refunds,When will I receive my refund? (30),Refunds are typically processed within 5 to 7 business days after approval.,faq,
Refunds,Can I get a cash refund? (31),Cash-on-delivery refunds are transferred to your registered bank account.,faq,
Refunds,Why is my refund delayed? (32),Bank processing times may vary. Contact support if it exceeds the expected timeframe.,faq,
Refunds,Can I get a cash refund? (33),Cash-on-delivery refunds are transferred to your registered bank account.,faq,
Refunds,Why is my refund delayed? (34),Bank processing times may vary. Contact support if it exceeds the expected timeframe.,faq,
Refunds,How do I check refund status? (35),Visit your order details to view the latest refund status.,faq,
Refunds,How do I check refund status? (36),Visit your order details to view the latest refund status.,faq,
Refunds,Why is my refund delayed? (37),Bank processing times may vary. Contact support if it exceeds the expected timeframe.,faq,
Refunds,Why is my refund delayed? (38),Bank processing times may vary. Contact support if it exceeds the expected timeframe.,faq,
Refunds,When will I receive my refund? (39),Refunds are typically processed within 5 to 7 business days after approval.,faq,
Refunds,When will I receive my refund? (40),Refunds are typically processed within 5 to 7 business days after approval.,faq,
Refunds,Can I get a cash refund? (41),Cash-on-delivery refunds are transferred to your registered bank account.,faq,
Refunds,Where will my refund be sent? (42),Refunds are issued to the original payment method whenever possible.,faq,
Refunds,Where will my refund be sent? (43),Refunds are issued to the original payment method whenever possible.,faq,
Refunds,Where will my refund be sent? (44),Refunds are issued to the original payment method whenever possible.,faq,
Refunds,Where will my refund be sent? (45),Refunds are issued to the original payment method whenever possible.,faq,
Refunds,Why is my refund delayed? (46),Bank processing times may vary. Contact support if it exceeds the expected timeframe.,faq,
Refunds,Where will my refund be sent? (47),Refunds are issued to the original payment method whenever possible.,faq,
Refunds,Where will my refund be sent? (48),Refunds are issued to the original payment method whenever possible.,faq,
Refunds,When will I receive my refund? (49),Refunds are typically processed within 5 to 7 business days after approval.,faq,
Refunds,How do I check refund status? (50),Visit your order details to view the latest refund status.,faq,
Shipping,Do you ship internationally?,International shipping availability depends on your location.,faq,
Shipping,Do you ship internationally?,International shipping availability depends on your location.,faq,
Shipping,Why is my package delayed?,"Weather, holidays, or courier issues may affect delivery.",faq,
Shipping,How long does shipping take?,Standard shipping usually takes 3 to 7 business days.,faq,
Shipping,Can I change my delivery address?,You can update the address before the order is dispatched.,faq,
Shipping,Why is my package delayed? (6),"Weather, holidays, or courier issues may affect delivery.",faq,
Shipping,Why is my package delayed? (7),"Weather, holidays, or courier issues may affect delivery.",faq,
Shipping,Why is my package delayed? (8),"Weather, holidays, or courier issues may affect delivery.",faq,
Shipping,Why is my package delayed? (9),"Weather, holidays, or courier issues may affect delivery.",faq,
Shipping,How long does shipping take? (10),Standard shipping usually takes 3 to 7 business days.,faq,
Shipping,How long does shipping take? (11),Standard shipping usually takes 3 to 7 business days.,faq,
Shipping,Do you ship internationally? (12),International shipping availability depends on your location.,faq,
Shipping,Why is my package delayed? (13),"Weather, holidays, or courier issues may affect delivery.",faq,
Shipping,Do you offer express shipping? (14),Express shipping is available in select locations.,faq,
Shipping,Do you ship internationally? (15),International shipping availability depends on your location.,faq,
Shipping,Can I change my delivery address? (16),You can update the address before the order is dispatched.,faq,
Shipping,Do you ship internationally? (17),International shipping availability depends on your location.,faq,
Shipping,Do you ship internationally? (18),International shipping availability depends on your location.,faq,
Shipping,Do you offer express shipping? (19),Express shipping is available in select locations.,faq,
Shipping,Do you ship internationally? (20),International shipping availability depends on your location.,faq,
Shipping,Do you offer express shipping? (21),Express shipping is available in select locations.,faq,
Shipping,Do you ship internationally? (22),International shipping availability depends on your location.,faq,
Shipping,Do you ship internationally? (23),International shipping availability depends on your location.,faq,
Shipping,Do you offer express shipping? (24),Express shipping is available in select locations.,faq,
Shipping,Do you offer express shipping? (25),Express shipping is available in select locations.,faq,
Shipping,Do you offer express shipping? (26),Express shipping is available in select locations.,faq,
Shipping,Why is my package delayed? (27),"Weather, holidays, or courier issues may affect delivery.",faq,
Shipping,Do you ship internationally? (28),International shipping availability depends on your location.,faq,
Shipping,Do you offer express shipping? (29),Express shipping is available in select locations.,faq,
Shipping,Can I change my delivery address? (30),You can update the address before the order is dispatched.,faq,
Shipping,How long does shipping take? (31),Standard shipping usually takes 3 to 7 business days.,faq,
Shipping,Can I change my delivery address? (32),You can update the address before the order is dispatched.,faq,
Shipping,Do you ship internationally? (33),International shipping availability depends on your location.,faq,
Shipping,Can I change my delivery address? (34),You can update the address before the order is dispatched.,faq,
Shipping,Can I change my delivery address? (35),You can update the address before the order is dispatched.,faq,
Shipping,How long does shipping take? (36),Standard shipping usually takes 3 to 7 business days.,faq,
Shipping,Do you ship internationally? (37),International shipping availability depends on your location.,faq,
Shipping,How long does shipping take? (38),Standard shipping usually takes 3 to 7 business days.,faq,
Shipping,Do you ship internationally? (39),International shipping availability depends on your location.,faq,
Shipping,How long does shipping take? (40),Standard shipping usually takes 3 to 7 business days.,faq,
Shipping,Can I change my delivery address? (41),You can update the address before the order is dispatched.,faq,
Shipping,Do you ship internationally? (42),International shipping availability depends on your location.,faq,
Shipping,How long does shipping take? (43),Standard shipping usually takes 3 to 7 business days.,faq,
Shipping,Why is my package delayed? (44),"Weather, holidays, or courier issues may affect delivery.",faq,
Shipping,Can I change my delivery address? (45),You can update the address before the order is dispatched.,faq,
Shipping,How long does shipping take? (46),Standard shipping usually takes 3 to 7 business days.,faq,
Shipping,Why is my package delayed? (47),"Weather, holidays, or courier issues may affect delivery.",faq,
Shipping,Why is my package delayed? (48),"Weather, holidays, or courier issues may affect delivery.",faq,
Shipping,Why is my package delayed? (49),"Weather, holidays, or courier issues may affect delivery.",faq,
Shipping,Can I change my delivery address? (50),You can update the address before the order is dispatched.,faq,
Payments,Can I split my payment?,Split payments are available only where supported during checkout.,faq,
Payments,Can I pay with UPI?,"Yes, UPI payments are supported.",faq,
Payments,Is online payment secure?,"Yes, all payment transactions are encrypted.",faq,
Payments,What payment methods are accepted?,"We accept UPI, debit cards, credit cards, net banking, and supported wallets.",faq,
Payments,Why did my payment fail?,Check your bank balance or payment details and try again.,faq,
Payments,What payment methods are accepted? (6),"We accept UPI, debit cards, credit cards, net banking, and supported wallets.",faq,
Payments,What payment methods are accepted? (7),"We accept UPI, debit cards, credit cards, net banking, and supported wallets.",faq,
Payments,Can I pay with UPI? (8),"Yes, UPI payments are supported.",faq,
Payments,Can I split my payment? (9),Split payments are available only where supported during checkout.,faq,
Payments,Is online payment secure? (10),"Yes, all payment transactions are encrypted.",faq,
Payments,What payment methods are accepted? (11),"We accept UPI, debit cards, credit cards, net banking, and supported wallets.",faq,
Payments,What payment methods are accepted? (12),"We accept UPI, debit cards, credit cards, net banking, and supported wallets.",faq,
Payments,Can I pay with UPI? (13),"Yes, UPI payments are supported.",faq,
Payments,What payment methods are accepted? (14),"We accept UPI, debit cards, credit cards, net banking, and supported wallets.",faq,
Payments,Why did my payment fail? (15),Check your bank balance or payment details and try again.,faq,
Payments,Can I split my payment? (16),Split payments are available only where supported during checkout.,faq,
Payments,Why did my payment fail? (17),Check your bank balance or payment details and try again.,faq,
Payments,Is online payment secure? (18),"Yes, all payment transactions are encrypted.",faq,
Payments,Why did my payment fail? (19),Check your bank balance or payment details and try again.,faq,
Payments,Is online payment secure? (20),"Yes, all payment transactions are encrypted.",faq,
Payments,Can I pay with UPI? (21),"Yes, UPI payments are supported.",faq,
Payments,What payment methods are accepted? (22),"We accept UPI, debit cards, credit cards, net banking, and supported wallets.",faq,
Payments,Is online payment secure? (23),"Yes, all payment transactions are encrypted.",faq,
Payments,Is online payment secure? (24),"Yes, all payment transactions are encrypted.",faq,
Payments,Can I split my payment? (25),Split payments are available only where supported during checkout.,faq,
Payments,Is online payment secure? (26),"Yes, all payment transactions are encrypted.",faq,
Payments,Can I pay with UPI? (27),"Yes, UPI payments are supported.",faq,
Payments,Why did my payment fail? (28),Check your bank balance or payment details and try again.,faq,
Payments,Can I split my payment? (29),Split payments are available only where supported during checkout.,faq,
Payments,Can I split my payment? (30),Split payments are available only where supported during checkout.,faq,
Payments,What payment methods are accepted? (31),"We accept UPI, debit cards, credit cards, net banking, and supported wallets.",faq,
Payments,Why did my payment fail? (32),Check your bank balance or payment details and try again.,faq,
Payments,Can I split my payment? (33),Split payments are available only where supported during checkout.,faq,
Payments,Is online payment secure? (34),"Yes, all payment transactions are encrypted.",faq,
Payments,Can I split my payment? (35),Split payments are available only where supported during checkout.,faq,
Payments,What payment methods are accepted? (36),"We accept UPI, debit cards, credit cards, net banking, and supported wallets.",faq,
Payments,Is online payment secure? (37),"Yes, all payment transactions are encrypted.",faq,
Payments,Is online payment secure? (38),"Yes, all payment transactions are encrypted.",faq,
Payments,Can I split my payment? (39),Split payments are available only where supported during checkout.,faq,
Payments,Can I split my payment? (40),Split payments are available only where supported during checkout.,faq,
Payments,Can I pay with UPI? (41),"Yes, UPI payments are supported.",faq,
Payments,Is online payment secure? (42),"Yes, all payment transactions are encrypted.",faq,
Payments,Why did my payment fail? (43),Check your bank balance or payment details and try again.,faq,
Payments,Why did my payment fail? (44),Check your bank balance or payment details and try again.,faq,
Payments,Is online payment secure? (45),"Yes, all payment transactions are encrypted.",faq,
Payments,Can I split my payment? (46),Split payments are available only where supported during checkout.,faq,
Payments,What payment methods are accepted? (47),"We accept UPI, debit cards, credit cards, net banking, and supported wallets.",faq,
Payments,What payment methods are accepted? (48),"We accept UPI, debit cards, credit cards, net banking, and supported wallets.",faq,
Payments,Is online payment secure? (49),"Yes, all payment transactions are encrypted.",faq,
Payments,Can I split my payment? (50),Split payments are available only where supported during checkout.,faq,
Technical Support,Can I get remote assistance?,Remote assistance is available for selected products.,faq,
Technical Support,My device won't turn on.,Ensure it is charged and try restarting it before contacting support.,faq,
Technical Support,How do I contact technical support?,"Technical support is available through chat, email, and phone.",faq,
Technical Support,How do I contact technical support?,"Technical support is available through chat, email, and phone.",faq,
Technical Support,My device won't turn on.,Ensure it is charged and try restarting it before contacting support.,faq,
Technical Support,How do I report a technical issue? (6),Provide detailed information including the product and issue.,faq,
Technical Support,My device won't turn on. (7),Ensure it is charged and try restarting it before contacting support.,faq,
Technical Support,How do I report a technical issue? (8),Provide detailed information including the product and issue.,faq,
Technical Support,How do I report a technical issue? (9),Provide detailed information including the product and issue.,faq,
Technical Support,Where can I find troubleshooting steps? (10),Troubleshooting guides are available in the product support section.,faq,
Technical Support,Can I get remote assistance? (11),Remote assistance is available for selected products.,faq,
Technical Support,Where can I find troubleshooting steps? (12),Troubleshooting guides are available in the product support section.,faq,
Technical Support,Can I get remote assistance? (13),Remote assistance is available for selected products.,faq,
Technical Support,How do I contact technical support? (14),"Technical support is available through chat, email, and phone.",faq,
Technical Support,Can I get remote assistance? (15),Remote assistance is available for selected products.,faq,
Technical Support,How do I contact technical support? (16),"Technical support is available through chat, email, and phone.",faq,
Technical Support,How do I report a technical issue? (17),Provide detailed information including the product and issue.,faq,
Technical Support,Can I get remote assistance? (18),Remote assistance is available for selected products.,faq,
Technical Support,Can I get remote assistance? (19),Remote assistance is available for selected products.,faq,
Technical Support,How do I contact technical support? (20),"Technical support is available through chat, email, and phone.",faq,
Technical Support,How do I contact technical support? (21),"Technical support is available through chat, email, and phone.",faq,
Technical Support,My device won't turn on. (22),Ensure it is charged and try restarting it before contacting support.,faq,
Technical Support,Can I get remote assistance? (23),Remote assistance is available for selected products.,faq,
Technical Support,My device won't turn on. (24),Ensure it is charged and try restarting it before contacting support.,faq,
Technical Support,How do I contact technical support? (25),"Technical support is available through chat, email, and phone.",faq,
Technical Support,Can I get remote assistance? (26),Remote assistance is available for selected products.,faq,
Technical Support,How do I contact technical support? (27),"Technical support is available through chat, email, and phone.",faq,
Technical Support,How do I report a technical issue? (28),Provide detailed information including the product and issue.,faq,
Technical Support,Where can I find troubleshooting steps? (29),Troubleshooting guides are available in the product support section.,faq,
Technical Support,Can I get remote assistance? (30),Remote assistance is available for selected products.,faq,
Technical Support,How do I report a technical issue? (31),Provide detailed information including the product and issue.,faq,
Technical Support,My device won't turn on. (32),Ensure it is charged and try restarting it before contacting support.,faq,
Technical Support,How do I contact technical support? (33),"Technical support is available through chat, email, and phone.",faq,
Technical Support,How do I contact technical support? (34),"Technical support is available through chat, email, and phone.",faq,
Technical Support,Can I get remote assistance? (35),Remote assistance is available for selected products.,faq,
Technical Support,How do I report a technical issue? (36),Provide detailed information including the product and issue.,faq,
Technical Support,Can I get remote assistance? (37),Remote assistance is available for selected products.,faq,
Technical Support,My device won't turn on. (38),Ensure it is charged and try restarting it before contacting support.,faq,
Technical Support,How do I report a technical issue? (39),Provide detailed information including the product and issue.,faq,
Technical Support,How do I contact technical support? (40),"Technical support is available through chat, email, and phone.",faq,
Technical Support,Can I get remote assistance? (41),Remote assistance is available for selected products.,faq,
Technical Support,Can I get remote assistance? (42),Remote assistance is available for selected products.,faq,
Technical Support,Where can I find troubleshooting steps? (43),Troubleshooting guides are available in the product support section.,faq,
Technical Support,My device won't turn on. (44),Ensure it is charged and try restarting it before contacting support.,faq,
Technical Support,My device won't turn on. (45),Ensure it is charged and try restarting it before contacting support.,faq,
Technical Support,How do I report a technical issue? (46),Provide detailed information including the product and issue.,faq,
Technical Support,How do I report a technical issue? (47),Provide detailed information including the product and issue.,faq,
Technical Support,How do I report a technical issue? (48),Provide detailed information including the product and issue.,faq,
Technical Support,How do I report a technical issue? (49),Provide detailed information including the product and issue.,faq,
Technical Support,My device won't turn on. (50),Ensure it is charged and try restarting it before contacting support.,faq,
Warranty,Can I transfer my warranty?,Warranty transfer depends on manufacturer terms.,faq,
Warranty,How do I claim warranty?,Provide proof of purchase and submit a warranty request.,faq,
Warranty,Is accidental damage covered?,Accidental damage is generally not covered unless specified.,faq,
Warranty,Where can I see warranty details?,Warranty information is listed on the product page.,faq,
Warranty,How do I claim warranty?,Provide proof of purchase and submit a warranty request.,faq,
Warranty,Can I transfer my warranty? (6),Warranty transfer depends on manufacturer terms.,faq,
Warranty,How long is the warranty? (7),Warranty duration depends on the product and manufacturer.,faq,
Warranty,Can I transfer my warranty? (8),Warranty transfer depends on manufacturer terms.,faq,
Warranty,Can I transfer my warranty? (9),Warranty transfer depends on manufacturer terms.,faq,
Warranty,How do I claim warranty? (10),Provide proof of purchase and submit a warranty request.,faq,
Warranty,How long is the warranty? (11),Warranty duration depends on the product and manufacturer.,faq,
Warranty,Is accidental damage covered? (12),Accidental damage is generally not covered unless specified.,faq,
Warranty,Is accidental damage covered? (13),Accidental damage is generally not covered unless specified.,faq,
Warranty,Where can I see warranty details? (14),Warranty information is listed on the product page.,faq,
Warranty,How long is the warranty? (15),Warranty duration depends on the product and manufacturer.,faq,
Warranty,How long is the warranty? (16),Warranty duration depends on the product and manufacturer.,faq,
Warranty,Where can I see warranty details? (17),Warranty information is listed on the product page.,faq,
Warranty,Where can I see warranty details? (18),Warranty information is listed on the product page.,faq,
Warranty,Where can I see warranty details? (19),Warranty information is listed on the product page.,faq,
Warranty,Where can I see warranty details? (20),Warranty information is listed on the product page.,faq,
Warranty,How long is the warranty? (21),Warranty duration depends on the product and manufacturer.,faq,
Warranty,Where can I see warranty details? (22),Warranty information is listed on the product page.,faq,
Warranty,Where can I see warranty details? (23),Warranty information is listed on the product page.,faq,
Warranty,How long is the warranty? (24),Warranty duration depends on the product and manufacturer.,faq,
Warranty,How long is the warranty? (25),Warranty duration depends on the product and manufacturer.,faq,
Warranty,Where can I see warranty details? (26),Warranty information is listed on the product page.,faq,
Warranty,How do I claim warranty? (27),Provide proof of purchase and submit a warranty request.,faq,
Warranty,Where can I see warranty details? (28),Warranty information is listed on the product page.,faq,
Warranty,How do I claim warranty? (29),Provide proof of purchase and submit a warranty request.,faq,
Warranty,How long is the warranty? (30),Warranty duration depends on the product and manufacturer.,faq,
Warranty,Where can I see warranty details? (31),Warranty information is listed on the product page.,faq,
Warranty,How long is the warranty? (32),Warranty duration depends on the product and manufacturer.,faq,
Warranty,Is accidental damage covered? (33),Accidental damage is generally not covered unless specified.,faq,
Warranty,How long is the warranty? (34),Warranty duration depends on the product and manufacturer.,faq,
Warranty,Is accidental damage covered? (35),Accidental damage is generally not covered unless specified.,faq,
Warranty,Is accidental damage covered? (36),Accidental damage is generally not covered unless specified.,faq,
Warranty,Can I transfer my warranty? (37),Warranty transfer depends on manufacturer terms.,faq,
Warranty,Is accidental damage covered? (38),Accidental damage is generally not covered unless specified.,faq,
Warranty,Can I transfer my warranty? (39),Warranty transfer depends on manufacturer terms.,faq,
Warranty,Can I transfer my warranty? (40),Warranty transfer depends on manufacturer terms.,faq,
Warranty,Can I transfer my warranty? (41),Warranty transfer depends on manufacturer terms.,faq,
Warranty,How do I claim warranty? (42),Provide proof of purchase and submit a warranty request.,faq,
Warranty,How do I claim warranty? (43),Provide proof of purchase and submit a warranty request.,faq,
Warranty,Can I transfer my warranty? (44),Warranty transfer depends on manufacturer terms.,faq,
Warranty,Can I transfer my warranty? (45),Warranty transfer depends on manufacturer terms.,faq,
Warranty,Can I transfer my warranty? (46),Warranty transfer depends on manufacturer terms.,faq,
Warranty,Where can I see warranty details? (47),Warranty information is listed on the product page.,faq,
Warranty,How long is the warranty? (48),Warranty duration depends on the product and manufacturer.,faq,
Warranty,Is accidental damage covered? (49),Accidental damage is generally not covered unless specified.,faq,
Warranty,How do I claim warranty? (50),Provide proof of purchase and submit a warranty request.,faq,
Account,Why is my account locked?,Multiple failed login attempts may temporarily lock your account.,faq,
Account,How do I delete my account?,Contact customer support to request account deletion.,faq,
Account,How do I reset my password?,Use the 'Forgot Password' option on the login page.,faq,
Account,How do I change my email address?,Update your email in your account settings.,faq,
Account,How do I delete my account?,Contact customer support to request account deletion.,faq,
Account,How do I secure my account? (6),Use a strong password and enable two-factor authentication if available.,faq,
Account,How do I reset my password? (7),Use the 'Forgot Password' option on the login page.,faq,
Account,How do I change my email address? (8),Update your email in your account settings.,faq,
Account,How do I change my email address? (9),Update your email in your account settings.,faq,
Account,How do I reset my password? (10),Use the 'Forgot Password' option on the login page.,faq,
Account,How do I change my email address? (11),Update your email in your account settings.,faq,
Account,Why is my account locked? (12),Multiple failed login attempts may temporarily lock your account.,faq,
Account,Why is my account locked? (13),Multiple failed login attempts may temporarily lock your account.,faq,
Account,How do I delete my account? (14),Contact customer support to request account deletion.,faq,
Account,How do I change my email address? (15),Update your email in your account settings.,faq,
Account,How do I delete my account? (16),Contact customer support to request account deletion.,faq,
Account,How do I change my email address? (17),Update your email in your account settings.,faq,
Account,How do I delete my account? (18),Contact customer support to request account deletion.,faq,
Account,How do I secure my account? (19),Use a strong password and enable two-factor authentication if available.,faq,
Account,How do I delete my account? (20),Contact customer support to request account deletion.,faq,
Account,Why is my account locked? (21),Multiple failed login attempts may temporarily lock your account.,faq,
Account,Why is my account locked? (22),Multiple failed login attempts may temporarily lock your account.,faq,
Account,How do I delete my account? (23),Contact customer support to request account deletion.,faq,
Account,How do I secure my account? (24),Use a strong password and enable two-factor authentication if available.,faq,
Account,How do I reset my password? (25),Use the 'Forgot Password' option on the login page.,faq,
Account,How do I change my email address? (26),Update your email in your account settings.,faq,
Account,Why is my account locked? (27),Multiple failed login attempts may temporarily lock your account.,faq,
Account,How do I reset my password? (28),Use the 'Forgot Password' option on the login page.,faq,
Account,How do I change my email address? (29),Update your email in your account settings.,faq,
Account,How do I reset my password? (30),Use the 'Forgot Password' option on the login page.,faq,
Account,How do I delete my account? (31),Contact customer support to request account deletion.,faq,
Account,How do I change my email address? (32),Update your email in your account settings.,faq,
Account,How do I change my email address? (33),Update your email in your account settings.,faq,
Account,How do I change my email address? (34),Update your email in your account settings.,faq,
Account,How do I reset my password? (35),Use the 'Forgot Password' option on the login page.,faq,
Account,Why is my account locked? (36),Multiple failed login attempts may temporarily lock your account.,faq,
Account,Why is my account locked? (37),Multiple failed login attempts may temporarily lock your account.,faq,
Account,How do I reset my password? (38),Use the 'Forgot Password' option on the login page.,faq,
Account,How do I secure my account? (39),Use a strong password and enable two-factor authentication if available.,faq,
Account,How do I secure my account? (40),Use a strong password and enable two-factor authentication if available.,faq,
Account,How do I change my email address? (41),Update your email in your account settings.,faq,
Account,How do I change my email address? (42),Update your email in your account settings.,faq,
Account,How do I secure my account? (43),Use a strong password and enable two-factor authentication if available.,faq,
Account,How do I change my email address? (44),Update your email in your account settings.,faq,
Account,How do I reset my password? (45),Use the 'Forgot Password' option on the login page.,faq,
Account,How do I delete my account? (46),Contact customer support to request account deletion.,faq,
Account,How do I delete my account? (47),Contact customer support to request account deletion.,faq,
Account,Why is my account locked? (48),Multiple failed login attempts may temporarily lock your account.,faq,
Account,How do I change my email address? (49),Update your email in your account settings.,faq,
Account,How do I secure my account? (50),Use a strong password and enable two-factor authentication if available.,faq,
Membership,How do I join the rewards program?,Sign up from your account settings to join the rewards program.,faq,
Membership,How do I upgrade my membership?,Membership upgrades are available through your account page.,faq,
Membership,Can I cancel my membership?,"Yes, membership can be cancelled from account settings.",faq,
Membership,Can I cancel my membership?,"Yes, membership can be cancelled from account settings.",faq,
Membership,What are Gold member benefits?,Gold members receive exclusive offers and additional rewards.,faq,
Membership,How do I join the rewards program? (6),Sign up from your account settings to join the rewards program.,faq,
Membership,How do I join the rewards program? (7),Sign up from your account settings to join the rewards program.,faq,
Membership,How do I earn reward points? (8),Reward points are earned on eligible purchases.,faq,
Membership,How do I earn reward points? (9),Reward points are earned on eligible purchases.,faq,
Membership,Can I cancel my membership? (10),"Yes, membership can be cancelled from account settings.",faq,
Membership,How do I join the rewards program? (11),Sign up from your account settings to join the rewards program.,faq,
Membership,What are Gold member benefits? (12),Gold members receive exclusive offers and additional rewards.,faq,
Membership,How do I join the rewards program? (13),Sign up from your account settings to join the rewards program.,faq,
Membership,How do I upgrade my membership? (14),Membership upgrades are available through your account page.,faq,
Membership,How do I earn reward points? (15),Reward points are earned on eligible purchases.,faq,
Membership,How do I earn reward points? (16),Reward points are earned on eligible purchases.,faq,
Membership,What are Gold member benefits? (17),Gold members receive exclusive offers and additional rewards.,faq,
Membership,How do I earn reward points? (18),Reward points are earned on eligible purchases.,faq,
Membership,How do I upgrade my membership? (19),Membership upgrades are available through your account page.,faq,
Membership,How do I upgrade my membership? (20),Membership upgrades are available through your account page.,faq,
Membership,How do I upgrade my membership? (21),Membership upgrades are available through your account page.,faq,
Membership,How do I upgrade my membership? (22),Membership upgrades are available through your account page.,faq,
Membership,How do I earn reward points? (23),Reward points are earned on eligible purchases.,faq,
Membership,How do I upgrade my membership? (24),Membership upgrades are available through your account page.,faq,
Membership,What are Gold member benefits? (25),Gold members receive exclusive offers and additional rewards.,faq,
Membership,How do I upgrade my membership? (26),Membership upgrades are available through your account page.,faq,
Membership,Can I cancel my membership? (27),"Yes, membership can be cancelled from account settings.",faq,
Membership,What are Gold member benefits? (28),Gold members receive exclusive offers and additional rewards.,faq,
Membership,Can I cancel my membership? (29),"Yes, membership can be cancelled from account settings.",faq,
Membership,How do I earn reward points? (30),Reward points are earned on eligible purchases.,faq,
Membership,How do I join the rewards program? (31),Sign up from your account settings to join the rewards program.,faq,
Membership,How do I earn reward points? (32),Reward points are earned on eligible purchases.,faq,
Membership,How do I upgrade my membership? (33),Membership upgrades are available through your account page.,faq,
Membership,How do I upgrade my membership? (34),Membership upgrades are available through your account page.,faq,
Membership,How do I earn reward points? (35),Reward points are earned on eligible purchases.,faq,
Membership,How do I join the rewards program? (36),Sign up from your account settings to join the rewards program.,faq,
Membership,How do I upgrade my membership? (37),Membership upgrades are available through your account page.,faq,
Membership,Can I cancel my membership? (38),"Yes, membership can be cancelled from account settings.",faq,
Membership,Can I cancel my membership? (39),"Yes, membership can be cancelled from account settings.",faq,
Membership,What are Gold member benefits? (40),Gold members receive exclusive offers and additional rewards.,faq,
Membership,How do I join the rewards program? (41),Sign up from your account settings to join the rewards program.,faq,
Membership,What are Gold member benefits? (42),Gold members receive exclusive offers and additional rewards.,faq,
Membership,How do I upgrade my membership? (43),Membership upgrades are available through your account page.,faq,
Membership,Can I cancel my membership? (44),"Yes, membership can be cancelled from account settings.",faq,
Membership,What are Gold member benefits? (45),Gold members receive exclusive offers and additional rewards.,faq,
Membership,How do I join the rewards program? (46),Sign up from your account settings to join the rewards program.,faq,
Membership,How do I earn reward points? (47),Reward points are earned on eligible purchases.,faq,
Membership,How do I join the rewards program? (48),Sign up from your account settings to join the rewards program.,faq,
Membership,How do I earn reward points? (49),Reward points are earned on eligible purchases.,faq,
Membership,How do I join the rewards program? (50),Sign up from your account settings to join the rewards program.,faq,
Product Information,How do I check product availability?,Availability is shown on each product page.,faq,
Product Information,How do I check product availability?,Availability is shown on each product page.,faq,
Product Information,Are product specifications accurate?,Specifications are provided by manufacturers and updated regularly.,faq,
Product Information,How do I know the product dimensions?,Dimensions are available under the specifications section.,faq,
Product Information,Do products include accessories?,Included accessories are listed in the product description.,faq,
Product Information,Can I compare products? (6),"Yes, use the comparison feature on the website.",faq,
Product Information,How do I check product availability? (7),Availability is shown on each product page.,faq,
Product Information,Do products include accessories? (8),Included accessories are listed in the product description.,faq,
Product Information,Do products include accessories? (9),Included accessories are listed in the product description.,faq,
Product Information,How do I know the product dimensions? (10),Dimensions are available under the specifications section.,faq,
Product Information,Are product specifications accurate? (11),Specifications are provided by manufacturers and updated regularly.,faq,
Product Information,Do products include accessories? (12),Included accessories are listed in the product description.,faq,
Product Information,Are product specifications accurate? (13),Specifications are provided by manufacturers and updated regularly.,faq,
Product Information,How do I check product availability? (14),Availability is shown on each product page.,faq,
Product Information,Are product specifications accurate? (15),Specifications are provided by manufacturers and updated regularly.,faq,
Product Information,Are product specifications accurate? (16),Specifications are provided by manufacturers and updated regularly.,faq,
Product Information,Can I compare products? (17),"Yes, use the comparison feature on the website.",faq,
Product Information,How do I know the product dimensions? (18),Dimensions are available under the specifications section.,faq,
Product Information,Are product specifications accurate? (19),Specifications are provided by manufacturers and updated regularly.,faq,
Product Information,Can I compare products? (20),"Yes, use the comparison feature on the website.",faq,
Product Information,How do I know the product dimensions? (21),Dimensions are available under the specifications section.,faq,
Product Information,Are product specifications accurate? (22),Specifications are provided by manufacturers and updated regularly.,faq,
Product Information,How do I check product availability? (23),Availability is shown on each product page.,faq,
Product Information,How do I know the product dimensions? (24),Dimensions are available under the specifications section.,faq,
Product Information,How do I check product availability? (25),Availability is shown on each product page.,faq,
Product Information,Are product specifications accurate? (26),Specifications are provided by manufacturers and updated regularly.,faq,
Product Information,Do products include accessories? (27),Included accessories are listed in the product description.,faq,
Product Information,How do I check product availability? (28),Availability is shown on each product page.,faq,
Product Information,How do I know the product dimensions? (29),Dimensions are available under the specifications section.,faq,
Product Information,How do I know the product dimensions? (30),Dimensions are available under the specifications section.,faq,
Product Information,How do I know the product dimensions? (31),Dimensions are available under the specifications section.,faq,
Product Information,How do I check product availability? (32),Availability is shown on each product page.,faq,
Product Information,How do I check product availability? (33),Availability is shown on each product page.,faq,
Product Information,How do I check product availability? (34),Availability is shown on each product page.,faq,
Product Information,How do I know the product dimensions? (35),Dimensions are available under the specifications section.,faq,
Product Information,Can I compare products? (36),"Yes, use the comparison feature on the website.",faq,
Product Information,How do I know the product dimensions? (37),Dimensions are available under the specifications section.,faq,
Product Information,Can I compare products? (38),"Yes, use the comparison feature on the website.",faq,
Product Information,How do I know the product dimensions? (39),Dimensions are available under the specifications section.,faq,
Product Information,Do products include accessories? (40),Included accessories are listed in the product description.,faq,
Product Information,How do I know the product dimensions? (41),Dimensions are available under the specifications section.,faq,
Product Information,Can I compare products? (42),"Yes, use the comparison feature on the website.",faq,
Product Information,Do products include accessories? (43),Included accessories are listed in the product description.,faq,
Product Information,Can I compare products? (44),"Yes, use the comparison feature on the website.",faq,
Product Information,Are product specifications accurate? (45),Specifications are provided by manufacturers and updated regularly.,faq,
Product Information,Do products include accessories? (46),Included accessories are listed in the product description.,faq,
Product Information,How do I check product availability? (47),Availability is shown on each product page.,faq,
Product Information,Do products include accessories? (48),Included accessories are listed in the product description.,faq,
Product Information,Do products include accessories? (49),Included accessories are listed in the product description.,faq,
Product Information,Are product specifications accurate? (50),Specifications are provided by manufacturers and updated regularly.,faq,
Policy,"Order Confirmation and Large Item DeliveryAll purchases receive a 10-digit Order ID. For large appliances (refrigerators, washing machines), you will receive a call from our logistics partner within 48 hours to schedule a delivery window (4-hour slots). Delivery includes basic installation and removal of old appliances, unless explicitly declined at checkout. Check your spam folder if the Order Confirmation is missing after 30 minutes.","Order Confirmation and Large Item DeliveryAll purchases receive a 10-digit Order ID. For large appliances (refrigerators, washing machines), you will receive a call from our logistics partner within 48 hours to schedule a delivery window (4-hour slots). Delivery includes basic installation and removal of old appliances, unless explicitly declined at checkout. Check your spam folder if the Order Confirmation is missing after 30 minutes.",knowledge_base,AP-001
Policy,"Cancellation and Restocking FeesOrders for small electronics (IoT devices, accessories) can be canceled within 2 hours. Large appliances (SKUs beginning with AP-) are subject to a $150 cancellation fee if canceled after the delivery window has been scheduled, due to associated logistics costs. Refunds are processed within 5-7 business days.","Cancellation and Restocking FeesOrders for small electronics (IoT devices, accessories) can be canceled within 2 hours. Large appliances (SKUs beginning with AP-) are subject to a $150 cancellation fee if canceled after the delivery window has been scheduled, due to associated logistics costs. Refunds are processed within 5-7 business days.",knowledge_base,AP-002
Policy,"60-Day Return and Repair PolicySmall electronics are eligible for a 60-day return in original condition. Large appliances are covered by a 30-day return window but are first subject to an on-site service repair attempt. If the repair fails, a full refund or exchange is issued. All returns require an RMA number generated via the Returns Portal.","60-Day Return and Repair PolicySmall electronics are eligible for a 60-day return in original condition. Large appliances are covered by a 30-day return window but are first subject to an on-site service repair attempt. If the repair fails, a full refund or exchange is issued. All returns require an RMA number generated via the Returns Portal.",knowledge_base,AP-003
Policy,"Standard and Extended Warranty CoverageAll products carry a standard 1-year manufacturer warranty. You may purchase an extended 3-year warranty for an additional 15% of the product price. Extended warranty covers parts, labor, and one-time accidental damage protection (subject to a $50 deductible). To file a warranty claim, email warranty@home-essentials.com.","Standard and Extended Warranty CoverageAll products carry a standard 1-year manufacturer warranty. You may purchase an extended 3-year warranty for an additional 15% of the product price. Extended warranty covers parts, labor, and one-time accidental damage protection (subject to a $50 deductible). To file a warranty claim, email warranty@home-essentials.com.",knowledge_base,AP-004
Product/Payment,"Detailed Specifications: Smart Refrigerator (AP-FRZ-100)The AP-FRZ-100 features a 21-inch touchscreen display, internal food inventory tracking via two cameras, and integration with Alexa/Google Home. It requires a dedicated 15A circuit. Dimensions are 36"" W x 70"" H x 32"" D. Power consumption is rated at $450\text{ kWh}/\text{year}$. The water filter (Part: FRZ-WF-03) should be replaced every 6 months. It has two separate compressors for freezer and fridge sections, ensuring energy efficiency. The advanced diagnostics feature is accessible via the service menu (code: 4792).",,knowledge_base,PR-401
Product/Payment,"Detailed Specifications: Smart Washing Machine (AP-WSH-200)This machine has a 5.0 cu. ft. capacity, a steam sanitize function, and is Energy Star certified. It requires a 240V dedicated outlet. Installation Note: Must be installed level; improper leveling causes excessive vibration and is not covered under the standard warranty. The self-cleaning cycle should be run monthly using a machine cleaning tablet. The drum spins at a maximum of $1200\text{ RPM}$.",,knowledge_base,PR-402
Product/Payment,"Detailed Specifications: Smart Thermostat 300 (TH-SMT-300)The Thermostat supports conventional (G, Y, W, R) and heat pump systems. It requires a C-wire connection for constant power. It supports geofencing and smart scheduling via the mobile application. The ambient temperature sensor has an accuracy of $\pm 0.5^\circ \text{C}$. It has a physical lock screen feature accessible by pressing and holding the main dial for 10 seconds.",,knowledge_base,PR-403
Product/Payment,"Payment Methods and Secure LinksWe accept Visa, Mastercard, American Express, and Affirm Financing (for purchases over $500). The secure payment portal for all transactions is secure.home-essentials.com/payment. The full catalog is available at home-essentials.com/products. Affirm Financing offers plans up to 36 months, subject to credit check.",,knowledge_base,PR-404
Troubleshooting,"Initial Setup for Smart Thermostat 300Before installation, turn off power at the breaker. The TH-SMT-300 requires a C-wire connection. Once wired, download the 'HomeCentral' app and select 'New Device Setup'. The thermostat will broadcast a temporary setup Wi-Fi network that your phone must connect to before connecting to your home network.",,knowledge_base,TS-101
Troubleshooting,"Troubleshooting Connectivity (CAM-SEC-V2)If the IoT Security Camera fails to connect (flashing red LED), verify your Wi-Fi uses the 2.4 GHz band. Check your router settings to ensure MAC filtering is disabled. The camera requires TCP ports 80 and 443 to be open for cloud communication. If the issue persists, perform a hard reset by holding the pairing button for 15 seconds.",,knowledge_base,TS-102
Troubleshooting,"API Access for Home AutomationDevelopers can integrate using the REST API. Authentication requires an API Key sent in the header as X-API-KEY. The endpoint for device status is /api/v1/device/status/{device_id}. Rate limiting is set at 100 requests per minute; exceeding this limit will trigger an HTTP 429 error. For API documentation, see developer.home-essentials.com/docs.",,knowledge_base,TS-103
Troubleshooting,"Troubleshooting Multi-Floor Mapping (VAC-ROBO-1)The Smart Vacuum Bot can store up to 3 distinct floor maps. If mapping fails: 1. Ensure the device starts from the base station on the correct floor. 2. Clear previous corrupted maps via the app settings menu (""Map Management""). 3. Avoid moving the base station during the initial mapping run to prevent Lidar occlusion errors. Lidar requires a clear line of sight.",,knowledge_base,TS-104
Troubleshooting,"Diagnostics for AP-WSH-200 Excessive VibrationExcessive vibration is usually caused by shipping bolts that were not removed or uneven installation. 1. Check Bolts: Remove the four large shipping bolts at the rear of the machine. 2. Check Leveling: Adjust the four leveling feet until the appliance is perfectly level ($\pm 1^\circ$). If the issue continues, contact the technical hotline.",,knowledge_base,TS-105
Troubleshooting,"Cloud Video Retrieval Failure (CAM-SEC-V2)If you cannot retrieve cloud video: 1. Verify your SUB-CAMS-PREM subscription is active. 2. Check the camera's Wi-Fi signal strength (must be above 70% in the app diagnostics). 3. If local storage is installed, attempt local retrieval to isolate the issue.",,knowledge_base,TS-106
Troubleshooting,"Smart Dishwasher Error Code E05 (Water Intake Failure)Error E05 indicates the dishwasher is not receiving adequate water pressure or volume. 1. Check the water inlet hose for kinks or blockages. 2. Ensure the shut-off valve beneath the sink is fully open. 3. If both are clear, the intake solenoid valve may be faulty, requiring a service request (home-essentials.com/service-request).",,knowledge_base,TS-107
Troubleshooting,Dehumidifier CLM-DEH-10 MaintenanceThe Mini Dehumidifier (CLM-DEH-10) requires the water tank to be emptied when the 'Full' indicator light turns blue. The air filter should be cleaned monthly with warm soapy water and allowed to dry completely before reinstallation. Failure to clean the filter reduces dehumidifying efficiency by up to 40%.,,knowledge_base,TS-108
Billing,"Affirm Financing DetailsAffirm financing offers payment plans from 3 to 36 months, subject to credit check. Annual Percentage Rates (APR) range from $0\%$ to $30\%$. You can pre-qualify without affecting your credit score at home-essentials.com/affirm-prequal.",,knowledge_base,BA-201
Billing,Invoice Retrieval and Audit RequirementsInvoices are permanently stored in the customer portal. W-9 and VAT documents are available upon request via email to accounts@home-essentials.com. Transaction records are retained for 7 years for financial compliance.,,knowledge_base,BA-202
Billing,"Subscription Dunning ProcessIf payment for a subscription (e.g., SUB-CAMS-PREM) fails on the 5th of the month, automatic retries occur on the 8th and 12th. If the third attempt fails, the service is suspended on the 13th. Service is restored immediately upon successful payment via the renewal link.",,knowledge_base,BA-203
Billing,"Refund Calculation ProtocolRefunds for appliances (AP- series) are calculated as: Purchase Price - ($150 Installation Fee) - ($50 Removal Fee, if applicable) - (Any restocking fee if damage is present).",,knowledge_base,BA-204
Billing,"Data Deletion Policy for Smart DevicesUpon request for data deletion (via home-essentials.com/privacy), all personal data associated with device usage is purged from our servers within 45 days. Local device data (e.g., schedules) is erased only upon a Factory Reset performed by the user.",,knowledge_base,BA-205
Contact,"Primary Contact Information| Channel | Purpose | Detail | Operating Hours || :--- | :--- | :--- | :--- || General Sales/Support | Order, Policy, Returns | +1-888-HOME-HLP (4663-457) | Mon-Fri, 8:00 AM - 7:00 PM EST || Technical Appliance Hotline | Smart Fridge, Washer, etc. | +1-888-APPLIANCE (2775-426) | 24 Hours / 7 Days || API Support | Developer/Integration Questions | api-dev@home-essentials.com | Mon-Fri, 9:00 AM - 5:00 PM EST || Returns Shipping Address | All RMA-Approved Product Returns | Home Essentials Returns, 500 Smart Way, Appliance City, USA 90210 | N/A |",,knowledge_base,CO-301
Contact,Specialized Forms and LinksService Request (Appliance Repair): home-essentials.com/service-request (Use this for AP- series failure)Privacy Portal (GDPR/CCPA): home-essentials.com/privacyService Manual Downloads: home-essentials.com/manuals (Download links for all product guides),,knowledge_base,CO-302
Contact,"Escalation Matrix for Critical FailuresFor all large appliance failures (AP- series) that pose a safety hazard (e.g., sparking, smoke, water leak), call the Technical Appliance Hotline immediately and select option #1 for emergency dispatch. Emergency dispatch aims for a technician on-site within 24 hours.",,knowledge_base,CO-303
